INSERT INTO FISH (fish_id, fish_code, fish_name, short_description, description, image_url)
VALUES (1, '616222', '방어', '짧은 설명', '긴 설명', 'urull');

-- 수산시장 insert
INSERT INTO FISH_MAPS (fish_maps_id, title, market_id, x, y)
VALUES (1, '감천항수산물시장', 'A', '35.06244745353867', '129.01086861141195');
INSERT INTO FISH_MAPS (fish_maps_id, title, market_id, x, y)
VALUES (2, '삼성IFM', 'B', '35.05836545520959', '129.01093785558763');
INSERT INTO FISH_MAPS (fish_maps_id, title, market_id, x, y)
VALUES (3, '부산수산물공판장', 'C', '35.0582491096407', '129.0109324931639');

INSERT INTO FISH_DETAILS (comp_and_price_id, au_date, avg_cost, comp_name, fish_id)
VALUES (1, '20210514', 30000, 'COMPNAME', 1);
INSERT INTO FISH_DETAILS (comp_and_price_id, au_date, avg_cost, comp_name, fish_id)
VALUES (2, '20210414', 30000, 'COMPNAME', 1);
INSERT INTO FISH_DETAILS (comp_and_price_id, au_date, avg_cost, comp_name, fish_id)
VALUES (3, '20210314', 30000, 'COMPNAME', 1);
INSERT INTO FISH_DETAILS (comp_and_price_id, au_date, avg_cost, comp_name, fish_id)
VALUES (4, '20210214', 30000, 'COMPNAME', 1);
INSERT INTO FISH_DETAILS (comp_and_price_id, au_date, avg_cost, comp_name, fish_id)
VALUES (5, '20210114', 30000, 'COMPNAME', 1);

INSERT INTO FISH (fish_id, fish_code, fish_name, short_description, description, image_url)
VALUES
(1, '611501', '광어',
 '구입요령 : 너무 큰 것도 맛이 없고 2kg 정도의 것이 적당하다.',
 '구입요령 : 너무 큰 것도 맛이 없고 2kg 정도의 것이 적당하다. 전체적으로 표면이 매끄럽고 살이 투명하며, 붉은빛이 도는 흰색이면 신선하다. 윤기가 없는 것은 오래된 것이므로 피한다.',
 '611501'),
(2, '712703', '감성돔',
 '구입요령 : 등쪽은 금속 광택을 띤 회흑색이고, 배쪽 부분은 연하다.',
 '구입요령 : 등쪽은 금속 광택을 띤 회흑색이고, 배쪽 부분은 연하다. 눌러보았을 때 살이 단단하고 눈알이 선명한 것이 신선하다.',
 '712703'),
(3, '815601', '연어', '구입요령 : 비늘이 잘 붙어 있고 밝은 색을 띠며, 눈이 투명하고 아가미는 밝은 적색을 띤 것이 좋다', '구입요령 : 비늘이 잘 붙어 있고 밝은 색을 띠며, 눈이 투명하고 아가미는 밝은 적색을 띤 것이 좋다. 살이 단단하고 탄력이 있는 것이 좋다.', '815601'),
(4, '712702', '참돔', '구입요령 : 눌러보았을 때 살이 단단하며 눈알이 선명한 것이 좋다.', '구입요령 : 눌러보았을 때 살이 단단하며 눈알이 선명한 것이 좋다. 어취가 없는 것이 좋다.', '712702'),
(5, '715204', '숭어', '구입요령 : 살이 통통하게 찐 것이 좋다.', '구입요령 : 살이 통통하게 찐 것이 좋다. 표면의 광택이 있고, 비늘이 고르며 눈이 맑은 것이 좋다.', '715204'),
(6, '712201', '참치', '구입요령 : 육질은 붉은색을 띄고 고운 육질을 가지고 있는 것이 최고급이다.', '구입요령 : 육질은 붉은색을 띄고 고운 육질을 가지고 있는 것이 최고급이다. 눌러 봤을 때 단단하고 탄력이 있는 것이 좋다.', '712201'),
(7, '616222', '방어', '구입요령 : 단단하고 탄력이 있으며, 광택이 나는 것.', '구입요령 : 단단하고 탄력이 있으며, 광택이 나는 것. 눈이 투명한 것을 선택하고, 토막으로 판매하는 것은 자른 단면이 깨끗하고 상처가 없는 것이 좋다.', '616222'),
(8, '716702', '전어', '구입요령 : 비늘이 많이 붙어 있고, 윤기가 나는 것이 좋다.', '구입요령 : 비늘이 많이 붙어 있고, 윤기가 나는 것이 좋으며, 배 부분이 은백색을 띠고, 등 부분은 초록색 빛을 띠고 있는 것이 좋다.', '716702'),
(9, '713500', '민어', '구입요령 : 손으로 눌러보아 단단한 것이 신선한 것.', '구입요령 : 손으로 눌러보아 단단한 것이 신선한 것이며 눈동자가 선명한 것이 좋다.', '713500'),
(10, '713900', '병어', '구입요령 : 표면이 매끄럽고 윤기가 흐르며 살이 단단한 것.', '구입요령 : 표면이 매끄럽고 윤기가 흐르며 살이 단단하고 눌렀을 때 탄력이 있는 것을 고른다.', '713900'),
(11, '710604', '고등어', '구입요령 : 크고 살이 단단하며 청록색의 광택이 나는 것.', '구입요령 : 크고 살이 단단하며 청록색의 광택이 나고 손으로 눌러 탄력이 있는 것을 고른다.', '710604'),
(12, '840306', '갑오징어', '구입요령 : 구입요령 : 눌러 보았을 때 단단하고 탄력이 있는 것이 좋다.', '구입요령 : 구입요령 : 눌러 보았을 때 단단하고 탄력이 있는 것이 좋다.', '840306');


INSERT INTO FISH_DETAILS (comp_and_price_id, au_date, avg_cost, comp_name, fish_id)
VALUES (1, '202104', 21508, 'COMPNAME', 611501),
       (2, '202104', 21657, 'COMPNAME', 611501),
       (3, '202104', 21605, 'COMPNAME', 611501),
       (4, '202104', 18500, 'COMPNAME', 611501),
       (5, '202104', 18416, 'COMPNAME', 611501),
       (6, '202104', 18000, 'COMPNAME', 611501),
       (7, '202104', 16700, 'COMPNAME', 611501),
       (8, '202103', 21460, 'COMPNAME', 611501),
       (9, '202103', 19500, 'COMPNAME', 611501),
       (10, '202103', 17845, 'COMPNAME', 611501),
       (11, '202103', 16500, 'COMPNAME', 611501),
       (12, '202103', 17500, 'COMPNAME', 611501),
       (13, '202103', 20617, 'COMPNAME', 611501),
       (14, '202103', 18390, 'COMPNAME', 611501),
       (15, '202102', 18380, 'COMPNAME', 611501),
       (16, '202102', 17500, 'COMPNAME', 611501),
       (17, '202102', 14687, 'COMPNAME', 611501),
       (18, '202102', 22210, 'COMPNAME', 611501),
       (19, '202101', 16000, 'COMPNAME', 611501),
       (20, '202101', 17500, 'COMPNAME', 611501),
       (21, '202101', 29000, 'COMPNAME', 611501),
       (22, '202101', 17853, 'COMPNAME', 611501),
       (23, '202101', 17500, 'COMPNAME', 611501),
       (24, '202101', 17500, 'COMPNAME', 611501),
       (25, '202101', 17500, 'COMPNAME', 611501),
       (26, '202105', 5000, 'COMPNAME', 712703),
       (27, '202104', 6250, 'COMPNAME', 712703),
       (28, '202104', 10000, 'COMPNAME', 815601),
       (29, '202103', 10000, 'COMPNAME', 815601),
       (30, '202102', 10000, 'COMPNAME', 815601),
       (31, '202101', 10000, 'COMPNAME', 815601),
       (32, '202104', 8200, 'COMPNAME', 712702),
       (33, '202104', 6200, 'COMPNAME', 712702),
       (34, '202104', 6200, 'COMPNAME', 712702),
       (35, '202104', 2200, 'COMPNAME', 712702),
       (36, '202104', 2300, 'COMPNAME', 712702),
       (37, '202104', 2950, 'COMPNAME', 712702),
       (38, '202104', 2300, 'COMPNAME', 712702),
       (39, '202104', 4200, 'COMPNAME', 712702),
       (40, '202104', 2100, 'COMPNAME', 712702),
       (41, '202104', 3000, 'COMPNAME', 712702),
       (42, '202104', 6250, 'COMPNAME', 712702),
       (43, '202104', 1750, 'COMPNAME', 712702),
       (44, '202104', 3000, 'COMPNAME', 712702),
       (45, '202104', 5900, 'COMPNAME', 712702),
       (46, '202104', 4500, 'COMPNAME', 712702),
       (47, '202104', 2950, 'COMPNAME', 712702),
       (48, '202104', 6500, 'COMPNAME', 712702),
       (49, '202103', 2800, 'COMPNAME', 712702),
       (50, '202103', 2150, 'COMPNAME', 712702),
       (51, '202103', 1450, 'COMPNAME', 712702),
       (52, '202103', 2625, 'COMPNAME', 712702),
       (53, '202103', 2800, 'COMPNAME', 712702),
       (54, '202103', 2800, 'COMPNAME', 712702),
       (55, '202103', 1200, 'COMPNAME', 712702),
       (56, '202103', 2150, 'COMPNAME', 712702),
       (57, '202103', 2070, 'COMPNAME', 712702),
       (58, '202103', 3533, 'COMPNAME', 712702),
       (59, '202103', 4750, 'COMPNAME', 712702),
       (61, '202103', 4325, 'COMPNAME', 712702),
       (62, '202103', 2600, 'COMPNAME', 712702),
       (63, '202103', 2000, 'COMPNAME', 712702),
       (64, '202103', 1500, 'COMPNAME', 712702),
       (65, '202103', 4400, 'COMPNAME', 712702),
       (66, '202103', 3500, 'COMPNAME', 712702),
       (68, '202102', 3100, 'COMPNAME', 712702),
       (69, '202102', 3500, 'COMPNAME', 712702),
       (70, '202102', 2600, 'COMPNAME', 712702),
       (71, '202102', 4000, 'COMPNAME', 712702),
       (72, '202102', 4725, 'COMPNAME', 712702),
       (73, '202102', 3225, 'COMPNAME', 712702),
       (74, '202102', 1900, 'COMPNAME', 712702),
       (75, '202101', 4466, 'COMPNAME', 712702),
       (76, '202101', 5000, 'COMPNAME', 712702),
       (77, '202101', 5650, 'COMPNAME', 712702),
       (78, '202101', 5500, 'COMPNAME', 712702),
       (79, '202101', 8000, 'COMPNAME', 712702),
       (80, '202104', 8000, 'COMPNAME', 712704),
       (81, '202104', 20000, 'COMPNAME', 712201),
       (82, '202104', 20000, 'COMPNAME', 712201),
       (83, '202104', 70000, 'COMPNAME', 616222),
       (84, '202103', 5000, 'COMPNAME', 616222),
       (84, '202103', 10000, 'COMPNAME', 616222),
       (85, '202103', 10500, 'COMPNAME', 616222),
       (86, '202102', 20000, 'COMPNAME', 616222),
       (87, '202102', 10000, 'COMPNAME', 616222),
       (88, '202102', 17333, 'COMPNAME', 616222),
       (89, '202101', 10000, 'COMPNAME', 616222),
       (90, '202101', 20000, 'COMPNAME', 616222),
       (91, '202101', 25000, 'COMPNAME', 616222),
       (92, '202101', 10000, 'COMPNAME', 616222),
       (93, '202101', 16000, 'COMPNAME', 616222),
       (94, '202101', 6000, 'COMPNAME', 716702),
       (95, '202101', 13800, 'COMPNAME', 716702),
       (96, '202104', 3416, 'COMPNAME', 713500),
       (97, '202104', 7500, 'COMPNAME', 713500),
       (98, '202104', 5000, 'COMPNAME', 713500),
       (99, '202103', 5500, 'COMPNAME', 713500),
       (100, '202103', 4000, 'COMPNAME', 713500),
       (101, '202103', 4500, 'COMPNAME', 713500),
       (102, '202102', 1500, 'COMPNAME', 713500),
       (103, '202102', 4500, 'COMPNAME', 713500),
       (104, '202102', 5000, 'COMPNAME', 713500),
       (105, '202101', 4400, 'COMPNAME', 713500),
       (106, '202101', 5000, 'COMPNAME', 713500),
       (107, '202101', 3500, 'COMPNAME', 713500),
       (108, '202104', 11500, 'COMPNAME', 713500),
       (109, '202104', 15000, 'COMPNAME', 713500),
       (110, '202104', 6500, 'COMPNAME', 713500),
       (111, '202103',12888, 'COMPNAME', 713500),
       (112, '202103',13250, 'COMPNAME', 713500),
       (113, '202103',7500, 'COMPNAME', 713500),
       (114, '202102',12000, 'COMPNAME', 713500),
       (115, '202102',7700, 'COMPNAME', 713500),
       (116, '202102',4700, 'COMPNAME', 713500),
       (117, '202101',8400, 'COMPNAME', 713500),
       (118, '202101',1800, 'COMPNAME', 713500),
       (119, '202101',2100, 'COMPNAME', 713500),
       (121, '202105',1650, 'COMPNAME', 710604),
       (122, '202104',1650, 'COMPNAME', 710604),
       (123, '202103',2050, 'COMPNAME', 710604),
       (124, '202103',800, 'COMPNAME', 710604),
       (125, '202103',2050, 'COMPNAME', 710604),
       (126, '202102',2500, 'COMPNAME', 710604),
       (127, '202102',1500, 'COMPNAME', 710604),
       (128, '202102',2000, 'COMPNAME', 710604),
       (129, '202101',2250, 'COMPNAME', 710604),
       (130, '202101',1350, 'COMPNAME', 710604),
       (131, '202101',2087, 'COMPNAME', 710604),
       (132, '202104',10200, 'COMPNAME', 840306),
       (133, '202103',10000, 'COMPNAME', 740100),
       (134, '202103',10800, 'COMPNAME', 840306),
       (135, '202103',8200, 'COMPNAME', 840306),
       (136, '202102',9125, 'COMPNAME', 840306),
       (137, '202102',9500, 'COMPNAME', 840306),
       (138, '202102',12000, 'COMPNAME', 840306),
       (139, '202101',14000, 'COMPNAME', 840306),
       (140, '202101',14400, 'COMPNAME', 840306),
       (141, '202101',11000, 'COMPNAME', 840306);